[{"pk": 1, "model": "product.category", "fields": {"text": "Desde Ambiseint  queremos poner a su alcance los sistemas m\u00e1s eficaces de aromatizaci\u00f3n profesional autom\u00e1tica a los que hasta ahora solo las grandes empresas ten\u00edan acceso.", "slug": "aromatizacion-automatica", "title": "Aromatizacion Automatica"}}, {"pk": 2, "model": "product.category", "fields": {"text": "En ocasiones el uso de sistemas autom\u00e1ticos no es viable o simplemente no es suficiente, por eso ofrecemos nuestras mejores referencias en formatos para su aplicaci\u00f3n manual, elaboradas con materias primas nobles de las m\u00e1s  excelentes calidades y formuladas con las proporciones exactas para conseguir la mayor persistencia posible y una volatividad \u00f3ptima para que no se depositen sobre  las superficies.", "slug": "aromatizacion-manual", "title": "Aromatizacion Manual"}}, {"pk": 3, "model": "product.category", "fields": {"text": "", "slug": "recargas-y-consumibles", "title": "Recargas y Consumibles"}}, {"pk": 1, "model": "product.product", "fields": {"category": 1, "weight": "1025.00", "title": "difusor ambipro+1 bio recarga concentrada", "text": "Para aromatizar peque\u00f1os y medianos espacios ", "image": "upload/producto/ambiseint_pro_1.jpg", "price": "29.90", "featured": true, "active": true, "slug": "difusor-ambipro", "size": ""}}, 
{"pk": 2, "model": "product.product", "fields": {"category": 1, "weight": "2950.00", "title": "difusor ambipro+6 bio recargas concentradas", "text": "", "image": "upload/producto/ambiseint_pro_2.jpg", "price": "79.90", "featured": false, "active": true, "slug": "difusor-ambipro6-bio-recargas-concentradas", "size": ""}}, {"pk": 3, "model": "product.product", "fields": {"category": 1, "weight": "5260.00", "title": "difusor ambipro+12 bio recargas concentradas", "text": "", "image": "upload/producto/ambiseint_pro_3.jpg", "price": "119.90", "featured": false, "active": true, "slug": "difusor-ambipro12-bio-recargas-concentradas", "size": ""}}, {"pk": 4, "model": "product.product", "fields": {"category": 1, "weight": "3600.00", "title": "difusor nebulair-amb100+1 recarga para aromatizar medianos y grandes espacios", "text": "para aromatizar medianos y grandes espacios", "image": "", "price": "390.00", "featured": false, "active": true, "slug": "difusor-nebulair-amb1001-recarga-para-aromatizar-m", "size": ""}}, {"pk": 5, "model": "product.product", "fields": {"category": 1, "weight": "4600.00", "title": "difusor nebulair-amb 2000+1 recarga para aromatizar grandes espacios", "text": "", "image": "", "price": "590.00", "featured": false, "active": true, "slug": "difusor-nebulair-amb-20001-recarga-para-aromatizar", "size": ""}}, {"pk": 8, "model": "product.product", "fields": {"category": 2, "weight": "1000.00", "title": "L\u00ednea Elegance, Aromas De Alta Perfumeria Ultraconcentrados", "text": "Ambientador/purificador noble  creado a partir de reproducciones de los perfumes mas puros y elegantes del mercado, especialmente indicado para lineas de negocio de alta calidad, (boutique\u2019s de alta costura, despachos y oficinas de directivos, na\u00fatica, vehiculos de \r\nalta gama, hoteles de lujo, joyerias y en general todo lo concerniente al alto standing), aromas utilizados por marcas tan conocidas como friday\u2019s project, stradivarius, lottusse, misako, etc...\r\n", "image": "", "price": "15.95", "featured": false, "active": true, "slug": "linea-elegance-aromas-de-alta-perfumeria-ultraconc", "size": ""}}, {"pk": 7, "model": "product.product", "fields": {"category": 2, "weight": "1000.00", "title": "L\u00ednea Aromas Naturales", "text": "", "image": "", "price": "11.95", "featured": true, "active": true, "slug": "linea-aromas-naturales", "size": "1000ml"}}, {"pk": 9, "model": "product.product", "fields": {"category": 2, "weight": "1000.00", "title": "L\u00ednea Proquimar, Aromas  De Alta Perfumeria", "text": "Ambientador/purificador noble creado a partir de reproducciones de los perfumes mas puros y elegantes del mercado, especialmente indicado para  negocios de alta calidad. ", "image": "", "price": "13.95", "featured": false, "active": true, "slug": "linea-proquimar-aromas-de-alta-perfumeria", "size": ""}}, {"pk": 10, "model": "product.product", "fields": {"category": 2, "weight": "300.00", "title": "Lote De 6 Muestras De 50Ml", "text": "Si quiere probar la calidad, persistencia y nota olfativa de nuestros aromas, ponemos a su disposicion la posibilidad de adquirir un lote de 6 fragancias a elegir.", "image": "", "price": "11.90", "featured": false, "active": true, "slug": "lote-de-6-muestras-de-50ml", "size": ""}}, {"pk": 11, "model": "product.product", "fields": {"category": 2, "weight": "2800.00", "title": "Ambientador Para Coche Y Espacios Reducidos", "text": "Ofrecemos una selecci\u00f3n de mini-pulverizadores de 100ml de las referencias mas conocidas de nuestra colecci\u00f3n, siguiendo como siempre la misma linea de calidad de todos nuestros productos. presentados en vistosos expositores de 24ud para su reventa por unidad.\r\n\r\nPRECIO DE REVENTA 24UD X 3.90\u20ac= 95\u20ac", "image": "", "price": "49.00", "featured": false, "active": true, "slug": "ambientador-para-coche-y-espacios-reducidos", "size": "24 unidades + Expositor"}}, {"pk": 12, "model": "product.product", "fields": {"category": 3, "weight": "960.00", "title": "Recarga Para Ambipro", "text": "Producto altamente concentrado. Totalmente natural (org\u00e1nico y biodegradable) y envasado sin gas (respetando la capa de ozono).\r\n                                                                                                                                                     \r\nFORMULADAS CON TECNOLOGIA DE TRIPLE ACCI\u00d3N: DESTRUYE  las mol\u00e9culas causantes del mal olor, higieniza, purifica, Y sanea el ambiente y lo perfuma con una agradable fragancia.", "image": "", "price": "24.90", "featured": false, "active": true, "slug": "recarga-para-ambipro", "size": "Pack 3 Unidades de 320ML"}}, {"pk": 13, "model": "product.product", "fields": {"category": 3, "weight": "1680.00", "title": "Recargas De Aerosol De Larga Duraci\u00f3n", "text": "Recargas de aerosol  super-concentradas en formato compatible con todos los dispensadores del mercado, tanto dom\u00e9sticos como profesionales.", "image": "", "price": "39.90", "featured": false, "active": true, "slug": "recargas-de-aerosol-de-larga-duracion", "size": "Pack de 6 Unidades"}}, {"pk": 1, "model": "product.options", "fields": {"price": null, "text": "", "product": 7, "image": "", "title": "Neutralizador"}}, {"pk": 2, "model": "product.options", "fields": {"price": null, "text": "", "product": 7, "image": "", "title": "Coco"}}, {"pk": 3, "model": "product.options", "fields": {"price": null, "text": "", "product": 7, "image": "", "title": "Papaya"}}, {"pk": 4, "model": "product.options", "fields": {"price": null, "text": "", "product": 7, "image": "", "title": "Mora"}}, {"pk": 5, "model": "product.options", "fields": {"price": null, "text": "", "product": 7, "image": "", "title": "Manzana Verde"}}, {"pk": 6, "model": "product.options", "fields": {"price": null, "text": "", "product": 7, "image": "", "title": "Brisa Eterna"}}, {"pk": 7, "model": "product.options", "fields": {"price": null, "text": "", "product": 7, "image": "", "title": "Melon Caribe"}}, {"pk": 8, "model": "product.options", "fields": {"price": null, "text": "", "product": 7, "image": "", "title": "the Boss"}}, {"pk": 9, "model": "product.options", "fields": {"price": null, "text": "", "product": 7, "image": "", "title": "J.Paul"}}, {"pk": 10, "model": "product.options", "fields": {"price": null, "text": "", "product": 7, "image": "", "title": "Infantil"}}, {"pk": 11, "model": "product.options", "fields": {"price": null, "text": "", "product": 7, "image": "", "title": "Vainilla"}}, {"pk": 12, "model": "product.options", "fields": {"price": null, "text": "", "product": 7, "image": "", "title": "Canela"}}, {"pk": 13, "model": "product.options", "fields": {"price": null, "text": "", "product": 7, "image": "", "title": "Cereza"}}, {"pk": 14, "model": "product.options", "fields": {"price": null, "text": "", "product": 7, "image": "", "title": "Mediterraneo"}}, {"pk": 15, "model": "product.options", "fields": {"price": null, "text": "", "product": 8, "image": "", "title": "Armani Female"}}, {"pk": 16, "model": "product.options", "fields": {"price": null, "text": "", "product": 8, "image": "", "title": "Bvlgari Blue"}}, {"pk": 17, "model": "product.options", "fields": {"price": null, "text": "", "product": 8, "image": "", "title": "Abercrombie"}}, {"pk": 18, "model": "product.options", "fields": {"price": null, "text": "", "product": 8, "image": "", "title": "Ck One"}}, {"pk": 19, "model": "product.options", "fields": {"price": null, "text": "", "product": 8, "image": "", "title": "D&G Ligh Blue"}}, {"pk": 20, "model": "product.options", "fields": {"price": null, "text": "", "product": 8, "image": "", "title": "Givenchy Tartine Et Chocolat"}}, {"pk": 21, "model": "product.options", "fields": {"price": null, "text": "", "product": 8, "image": "", "title": "Kenzo Him"}}, {"pk": 22, "model": "product.options", "fields": {"price": null, "text": "", "product": 8, "image": "", "title": "Ralph Lauren Romance"}}, {"pk": 23, "model": "product.options", "fields": {"price": null, "text": "", "product": 8, "image": "", "title": "Donna Karan Be Delicius"}}, {"pk": 24, "model": "product.options", "fields": {"price": null, "text": "", "product": 8, "image": "", "title": "Donna Karan Ny"}}, {"pk": 25, "model": "product.options", "fields": {"price": null, "text": "", "product": 8, "image": "", "title": "Narciso Rodriguez"}}, {"pk": 26, "model": "product.options", "fields": {"price": null, "text": "", "product": 9, "image": "", "title": "Armani Female"}}, {"pk": 27, "model": "product.options", "fields": {"price": null, "text": "", "product": 9, "image": "", "title": "Bvlgari Blue"}}, {"pk": 28, "model": "product.options", "fields": {"price": null, "text": "", "product": 9, "image": "", "title": "Abercrombie"}}, {"pk": 29, "model": "product.options", "fields": {"price": null, "text": "", "product": 9, "image": "", "title": "Ck One"}}, {"pk": 30, "model": "product.options", "fields": {"price": null, "text": "", "product": 9, "image": "", "title": "D&G Ligh Blue"}}, {"pk": 31, "model": "product.options", "fields": {"price": null, "text": "", "product": 9, "image": "", "title": "Givenchy Tartine Et Chocolat"}}, {"pk": 32, "model": "product.options", "fields": {"price": null, "text": "", "product": 9, "image": "", "title": "Kenzo Him"}}, {"pk": 33, "model": "product.options", "fields": {"price": null, "text": "", "product": 9, "image": "", "title": "Ralph Lauren Romance"}}, {"pk": 34, "model": "product.options", "fields": {"price": null, "text": "", "product": 9, "image": "", "title": "Donna Karan Be Delicius"}}, {"pk": 35, "model": "product.options", "fields": {"price": null, "text": "", "product": 9, "image": "", "title": "Donna Karan Ny"}}, {"pk": 36, "model": "product.options", "fields": {"price": null, "text": "", "product": 9, "image": "", "title": "Narciso Rodriguez"}}, {"pk": 37, "model": "product.options", "fields": {"price": null, "text": "", "product": 12, "image": "", "title": "Canela"}}, {"pk": 38, "model": "product.options", "fields": {"price": null, "text": "", "product": 12, "image": "", "title": "Fresa"}}, {"pk": 39, "model": "product.options", "fields": {"price": null, "text": "", "product": 12, "image": "", "title": "Coco"}}, {"pk": 40, "model": "product.options", "fields": {"price": null, "text": "", "product": 12, "image": "", "title": "Vainilla"}}, {"pk": 41, "model": "product.options", "fields": {"price": null, "text": "", "product": 12, "image": "", "title": "Mediterraneo"}}, {"pk": 42, "model": "product.options", "fields": {"price": null, "text": "", "product": 12, "image": "", "title": "the Boss"}}, {"pk": 43, "model": "product.options", "fields": {"price": null, "text": "", "product": 12, "image": "", "title": "J.Paul"}}, {"pk": 44, "model": "product.options", "fields": {"price": null, "text": "", "product": 12, "image": "", "title": "Cereza"}}, {"pk": 45, "model": "product.options", "fields": {"price": null, "text": "", "product": 12, "image": "", "title": "Lim\u00f3n"}}, {"pk": 46, "model": "product.options", "fields": {"price": null, "text": "", "product": 12, "image": "", "title": "Manzana Verde"}}, {"pk": 47, "model": "product.options", "fields": {"price": null, "text": "", "product": 12, "image": "", "title": "Mora"}}, {"pk": 48, "model": "product.options", "fields": {"price": null, "text": "", "product": 12, "image": "", "title": "Jazmin"}}, {"pk": 49, "model": "product.options", "fields": {"price": null, "text": "", "product": 12, "image": "", "title": "Papaya"}}, {"pk": 50, "model": "product.options", "fields": {"price": null, "text": "", "product": 12, "image": "", "title": "Fragancia Infantil"}}, {"pk": 51, "model": "product.options", "fields": {"price": null, "text": "", "product": 12, "image": "", "title": "Melon Caribe"}}, {"pk": 52, "model": "product.options", "fields": {"price": null, "text": "", "product": 12, "image": "", "title": "Brisa Eterna"}}, {"pk": 53, "model": "product.options", "fields": {"price": null, "text": "", "product": 12, "image": "", "title": "Neutralizador"}}, {"pk": 54, "model": "product.options", "fields": {"price": null, "text": "", "product": 12, "image": "", "title": "Anti-Insectos"}}, {"pk": 55, "model": "product.options", "fields": {"price": null, "text": "", "product": 13, "image": "", "title": "Adrenaline Kids"}}, {"pk": 56, "model": "product.options", "fields": {"price": null, "text": "", "product": 13, "image": "", "title": "Saphire"}}, {"pk": 57, "model": "product.options", "fields": {"price": null, "text": "", "product": 13, "image": "", "title": "Rub\u00ed"}}, {"pk": 58, "model": "product.options", "fields": {"price": null, "text": "", "product": 13, "image": "", "title": "Jazmin"}}, {"pk": 59, "model": "product.options", "fields": {"price": null, "text": "", "product": 13, "image": "", "title": "Fresa"}}, {"pk": 60, "model": "product.options", "fields": {"price": null, "text": "", "product": 13, "image": "", "title": "Neutralizador"}}, {"pk": 9, "model": "product.price", "fields": {"product": 8, "price": "139.90", "quantity": 12}}, {"pk": 8, "model": "product.price", "fields": {"product": 8, "price": "79.90", "quantity": 6}}, {"pk": 7, "model": "product.price", "fields": {"product": 8, "price": "44.90", "quantity": 3}}, {"pk": 4, "model": "product.price", "fields": {"product": 7, "price": "32.90", "quantity": 3}}, {"pk": 5, "model": "product.price", "fields": {"product": 7, "price": "59.90", "quantity": 6}}, {"pk": 6, "model": "product.price", "fields": {"product": 7, "price": "99.90", "quantity": 12}}, {"pk": 10, "model": "product.price", "fields": {"product": 9, "price": "73.90", "quantity": 6}}, {"pk": 11, "model": "product.price", "fields": {"product": 9, "price": "129.90", "quantity": 12}}, {"pk": 12, "model": "product.price", "fields": {"product": 12, "price": "44.90", "quantity": 2}}, {"pk": 13, "model": "product.price", "fields": {"product": 12, "price": "79.90", "quantity": 4}}, {"pk": 14, "model": "product.price", "fields": {"product": 12, "price": "149.90", "quantity": 8}}, {"pk": 15, "model": "product.price", "fields": {"product": 13, "price": "69.90", "quantity": 2}}, {"pk": 1, "model": "client.client", "fields": {"ship_address": "C/Raval 79-81 2on 2a", "ship_text": "", "ship_city": "Bag\u00e0", "phone": "4804998", "lopd": true, "full_name": "Jordi Collell Puig", "ship_pc": "08695", "email": "jordic@gmail.com"}}]